[
  {
    "title": "License for Introduction to Algebra has been assigned to your school",
    "date": "15-Sep-2018 at 07:21 pm",
    "read": false
  },
  {
    "title": "Lesson 3 Practice Worksheet overdue for Amy Santiago",
    "course": "Course: Advanced Mathematics",
    "date": "15-Sep-2018 at 05:21 pm",
    "read": true
  },
  {
    "title": "23 new students created",
    "date": "14-Sep-2018 at 01:21 pm",
    "read": false
  },
  {
    "title": "15 submissions ready for evaluation",
    "course": "Class: Basics of Algebra",
    "date": "13-Sep-2018 at 01:15 pm",
    "read": false
  },
  {
    "title": "License for Basic Concepts in Geometry has been assigned to your...",
    "date": "15-Sep-2018 at 07:21 pm",
    "read": false
  },
  {
    "title": "Lesson 3 Practice Worksheet overdue for Sam Diego",
    "course": "Course: Advanced Mathematics",
    "date": "15-Sep-2018 at 05:21 pm",
    "read": true
  },
  {
    "title": "23 new students created",
    "date": "14-Sep-2018 at 01:21 pm",
    "read": false
  },
  {
    "title": "15 submissions ready for evaluation",
    "course": "Class: Basics of Algebra",
    "date": "13-Sep-2018 at 01:15 pm",
    "read": false
  },
  {
    "title": "License for Basic Concepts in Geometry has been assigned to your...",
    "date": "15-Sep-2018 at 07:21 pm",
    "read": false
  },
  {
    "title": "Lesson 3 Practice Worksheet overdue for Sam Diego",
    "course": "Course: Advanced Mathematics",
    "date": "15-Sep-2018 at 05:21 pm",
    "read": true
  }
]
