[
  {
    "annName": "Wilson Kumar",
    "title": "No classes will be held on 21st Nov",
    "date": "15-Sep-2018 at 07:21 pm",
    "files": 2,
    "read": false
  },
  {
    "annName": "Samson White",
    "title": "Guest lecture on Geometry on 20th September",
    "date": "15-Sep-2018 at 07:21 pm",
    "files": 2,
    "read": false
  },
  {
    "annName": "Wilson Kumar",
    "title": "Additional course materials available on request",
    "courseClass": "Course: Mathematics 101",
    "date": "15-Sep-2018 at 07:21 pm",
    "read": true
  },
  {
    "annName": "Wilson Kumar",
    "title": "No classes will be held on 25th Dec",
    "date": "15-Sep-2018 at 07:21 pm",
    "files": 1,
    "read": true
  },
  {
    "annName": "Wilson Kumar",
    "title": "Additional course materials available on request",
    "courseClass": "Course: Mathematics 101",
    "date": "15-Sep-2018 at 07:21 pm",
    "read": true
  },
  {
    "annName": "Wilson Kumar",
    "title": "Additional course materials available on request",
    "courseClass": "Course: Mathematics 101",
    "date": "15-Sep-2018 at 07:21 pm",
    "read": true
  },
  {
    "annName": "Wilson Kumar",
    "title": "No classes will be held on 25th Dec",
    "date": "15-Sep-2018 at 07:21 pm",
    "files": 1,
    "read": true
  },
  {
    "annName": "Wilson Kumar",
    "title": "Additional course materials available on request",
    "courseClass": "Course: Mathematics 101",
    "date": "15-Sep-2018 at 07:21 pm",
    "read": true
  }
]
